Timestamp,"In the past 2 months, how many times have you had a COVID test?",What are your current living arrangements?,How tall are you?,"If there is an event on Wednesday, and you are notified it has been moved forward 2 days, which day is the event?",Are you currently in Australia?,How do you self assess your mathematical ability?,How do you self assess your R coding ability?,How are you finding DATA2002 so far?,What year of university are you in?,How often do you turn your camera on in Zoom tutorials?,What's your COVID vaccination status?,What is your favourite social media platform?,Gender,How do you like your steak cooked?,What is your dominant hand?,"On a scale from 0 to 10, please indicate how stressed you have felt in the past week.","On a scale from 0 to 10, please rate your current feeling of loneliness",How many non-spam emails did you receive to your University email account last Friday?,What do you typically say before signing off your name in an email?,What do you believe is the average entry salary in Australian Dollars of a data scientist who has just completed their undergraduate degree in data science?,Which unit are you enrolled in?,For which of your major(s) is this unit core or selective?,How many hours each week do you spend exercising?
20/08/2021 21:51:36,0,With parents,178cm,Monday,No,6,6,Easy,Second year (completed at least 48CP but less than 96CP),None of the time,"Not yet, but I want to",Instagram,Male,Medium-rare,Right,5,3,0,Kind regards,"$100,000",DATA2002,"Data Science, Statistics",0
20/08/2021 21:53:35,2,With parents,1.88m,Monday,Yes,5,5,Difficult,Second year (completed at least 48CP but less than 96CP),Some of the time,"Not yet, but I want to",Instagram,Male,Medium-well done,Right,7,3,8,Kind regards,80000,DATA2002,Data Science,1
20/08/2021 21:53:51,0,With parents,185cm,Monday,Yes,9,6,Easy,Second year (completed at least 48CP but less than 96CP),All the time,I'm partially vaccinated,Facebook,Man,Medium-rare,Left,1,7,4,"Best,",$60000 per year,DATA2902 (Advanced),Statistics,5
20/08/2021 21:55:02,0,With parents,165 cm,Monday,Yes,7,7,Standard,Second year (completed at least 48CP but less than 96CP),Some of the time,"Not yet, but I want to",Instagram,Female,Well done,Right,4,4,2,Regards,80 000 p.a.,DATA2002,Financial Mathematics and Statistics,3
20/08/2021 21:58:00,0,With parents,180,Friday,Yes,6,6,Standard,Second year (completed at least 48CP but less than 96CP),None of the time,I'm fully vaccinated,Facebook,Male,Medium-rare,Right,4,6,4,Best Regards,80 000,DATA2002,"Data Science, Financial Mathematics and Statistics",2
20/08/2021 21:58:37,1,With partner,172cm,Monday,Yes,8,7,Standard,Third year or higher (successfully completed more than 96CP),None of the time,I'm partially vaccinated,Reddit,Male ,Medium-rare,Right,3,3,9,"Kind Regards,",420,DATA2902 (Advanced),I'm doing it as an elective,3
20/08/2021 22:00:08,0,With parents,179cm,Friday,Yes,10,7,Standard,Second year (completed at least 48CP but less than 96CP),None of the time,I do not want to get vaccinated,Facebook,Male ,Medium-rare,Right,4,10,13,Kindest regards ,$70000,DATA2902 (Advanced),Mathematical Sciences Program (Mathematics major selective),0
20/08/2021 22:03:27,0,With one parent,1.90cm,Monday,Yes,7,4,Standard,Third year or higher (successfully completed more than 96CP),All the time,"Not yet, but I want to",Twitter,Male,Rare,Right,6,6,11,Many thanks,"$60,000",DATA2902 (Advanced),Mathematical Sciences Program (Mathematics major selective),8
20/08/2021 22:06:11,0,With parents,154 cm,Friday,Yes,9,8,Standard,Second year (completed at least 48CP but less than 96CP),Some of the time,"Not yet, but I want to",Facebook,Female,Medium-well done,Right,3,2,13,Kind regards,80000,DATA2902 (Advanced),Computational Data Science,5
20/08/2021 22:07:12,0,With parents,185cm,Monday,Yes,6,6,Difficult,Second year (completed at least 48CP but less than 96CP),Some of the time,"Not yet, but I want to",,Male,Well done,Right,6,4,5,best regards,,DATA2002,Statistics,0
20/08/2021 22:08:15,0,With parents,160 cm,Friday,Yes,6,7,Standard,Second year (completed at least 48CP but less than 96CP),None of the time,"Not yet, but I want to",Youtube,Female,Medium-well done,Right,3,8,7,Thanks,"65,000",DATA2002,Data Science,4
20/08/2021 22:10:41,0,College or student accomodation,173,Friday,Yes,7,6,Standard,Third year or higher (successfully completed more than 96CP),Some of the time,"Not yet, but I want to",WeChat,Male,Medium,Right,7,3,2,Regards,"10,000 AUD per month",DATA2902 (Advanced),Financial Mathematics and Statistics,2
20/08/2021 22:12:14,1,With partner,174,Monday,Yes,7,7,Standard,Second year (completed at least 48CP but less than 96CP),Some of the time,"Not yet, but I want to",Twitter,M,Medium-rare,Right,4,1,10,Regards,90000,DATA2002,Data Science,5
20/08/2021 22:12:38,0,With parents,1.76m,Monday,No,5,3,Standard,Second year (completed at least 48CP but less than 96CP),Some of the time,I'm fully vaccinated,WeChat,male,Medium-well done,Ambidextrous,6,7,50,"Regards,",7000,DATA2002,Computational Data Science,7
20/08/2021 22:19:45,1,With parents,1.8m,Friday,Yes,5,8,Easy,Second year (completed at least 48CP but less than 96CP),All the time,I'm partially vaccinated,Facebook,Male,Medium,Right,5,1,8,Kind Regards,80000,DATA2902 (Advanced),Data Science,0
20/08/2021 22:25:54,1,With parents,182cm,Monday,Yes,9,6,Standard,Second year (completed at least 48CP but less than 96CP),Most of the time,I'm partially vaccinated,Twitter,Male,Medium,Right,4,2,1,regards,90000,DATA2902 (Advanced),Financial Mathematics and Statistics,10
20/08/2021 22:32:04,2,College or student accomodation,183cm,Friday,Yes,9,7,Standard,Second year (completed at least 48CP but less than 96CP),Some of the time,I'm fully vaccinated,Youtube,Male,Medium-rare,Right,4,3,7,Thanks,60000,DATA2902 (Advanced),"Statistics, Mathematical Sciences Program (Mathematics major selective)",4
20/08/2021 22:33:30,4,With parents,1.8 meters,Sunday,No,8,5,Difficult,First year (not yet successfully completed 48CP),Some of the time,I'm fully vaccinated,WeChat,male,Medium-well done,Right,8,7,10,Thanks,1700auds,DATA2002,Data Science,5
20/08/2021 22:40:15,0,With parents,1.7m,Monday,Yes,8,3,Standard,Second year (completed at least 48CP but less than 96CP),Some of the time,"Not yet, but I want to",Instagram,Female,I don't eat beef,Right,5,10,,Kind Regards,"90,000",DATA2002,Data Science,
20/08/2021 22:51:46,0,With parents,"6'3""",Friday,Yes,6,3,Standard,Second year (completed at least 48CP but less than 96CP),None of the time,I'm fully vaccinated,Reddit,Male,Medium-well done,Right,7,9,6,Regards,80000,DATA2002,Data Science,0
20/08/2021 22:53:17,1,Alone,185cm,Monday,No,1,1,Difficult,Third year or higher (successfully completed more than 96CP),None of the time,"Not yet, but I want to",None,Male,Medium-well done,Right,10,10,1,Any adverb + Regards.,400pw?,DATA2002,Computer Science and Technology,0
20/08/2021 22:55:05,1,Alone,185cm,Monday,No,1,1,Difficult,Third year or higher (successfully completed more than 96CP),None of the time,"Not yet, but I want to",None,Male,Medium-well done,Right,10,10,1,Something Regards.,1k pm probs...,DATA2002,Computer Science and Technology,0
20/08/2021 23:04:07,0,With parents,Short enough to take offense at this question,If I was notified before Monday then Monday. Otherwise Friday.,No,5,3,Standard,Second year (completed at least 48CP but less than 96CP),Some of the time,"Not yet, but I want to",,,Medium-rare,Right,7,5,,Thanks,50000,DATA2002,Data Science,0
20/08/2021 23:06:43,0,homestay,1.58m,Monday,Yes,7,4,Difficult,Third year or higher (successfully completed more than 96CP),Some of the time,"Not yet, but I want to",Weibo,female,Medium,Right,8,3,0,Thanks,1000 per month？,DATA2002,Financial Mathematics and Statistics,2
20/08/2021 23:07:31,1,With parents,165,Friday?,Yes,4,7,Standard,Second year (completed at least 48CP but less than 96CP),Most of the time,"Not yet, but I want to",Tik Tok,Woman,Medium,Right,4,7,4,Kind regards,70000,DATA2002,Data Science,
20/08/2021 23:09:46,1,With parents,186cm,Monday,Yes,6,4,Standard,Second year (completed at least 48CP but less than 96CP),Some of the time,I'm partially vaccinated,,Male,Medium-rare,Right,6,7,5,Regards,60000,DATA2002,Statistics,5
20/08/2021 23:11:39,0,Share house,172cm,Monday,Yes,8,5,Standard,Second year (completed at least 48CP but less than 96CP),Some of the time,I do not want to get vaccinated,YouTube,male,Medium-rare,Right,8,5,6,Is that right area,"AU$91,976 / year",DATA2002,Data Science,0
20/08/2021 23:23:57,0,With parents,180,Friday,No,8,7,Standard,Second year (completed at least 48CP but less than 96CP),Some of the time,I'm fully vaccinated,Instagram,Male,Medium-well done,Right,5,8,2,Thanks and regards,,DATA2002,"Data Science, Computational Data Science",3
20/08/2021 23:24:16,0,With parents,160,Friday,Yes,7,3,Difficult,Second year (completed at least 48CP but less than 96CP),None of the time,"Not yet, but I want to",Wechat,Female,Medium-well done,Right,5,6,5,Regards,60000,DATA2002,Computational Data Science,0
20/08/2021 23:27:41,0,With parents,167,sunday,No,9,8,Standard,Second year (completed at least 48CP but less than 96CP),None of the time,"Not yet, but I want to",,male,Medium,Left,8,6,0,,60000,DATA2002,Data Science,0.1
20/08/2021 23:36:01,8,With parents,180,Monday,No,8,3,Difficult,Third year or higher (successfully completed more than 96CP),None of the time,I'm partially vaccinated,wechat,male,Medium-well done,Right,6,8,7,,,DATA2002,Computational Data Science,
20/08/2021 23:37:12,0,With parents,184 cm,Friday,No,8,5,Standard,Second year (completed at least 48CP but less than 96CP),Some of the time,I'm fully vaccinated,Instagram,Male,Medium-rare,Right,5,3,2,Thanks for understanding,"80, 000",DATA2002,Computational Data Science,7
20/08/2021 23:51:09,0,With parents,1.79m,Monday,Yes,8,4,Difficult,Second year (completed at least 48CP but less than 96CP),Some of the time,"Not yet, but I want to",Facebook,Male,I don't eat beef,Right,6,7,3,"Thanks,",$70000,DATA2002,Financial Mathematics and Statistics,8
21/08/2021 00:45:00,2,With parents,180,Monday,No,5,6,Difficult,Third year or higher (successfully completed more than 96CP),Some of the time,I'm fully vaccinated,Bilibili,Man,Medium,Right,8,3,2,Best wishes,10000,DATA2002,Data Science,7
21/08/2021 01:00:27,0,With parents,167,Monday,No,6,6,Standard,Second year (completed at least 48CP but less than 96CP),Some of the time,I'm fully vaccinated,instagram,female,Medium-well done,Right,6,10,15,kind regards,"10,000",DATA2002,"Data Science, Financial Mathematics and Statistics",3
21/08/2021 08:10:48,0,With parents,182cm,Monday,Yes,4,5,Standard,Third year or higher (successfully completed more than 96CP),Some of the time,I'm partially vaccinated,Instagram,Male,Medium-rare,Right,3,3,1,Kind Regards,"$75,000",DATA2002,Data Science,8
21/08/2021 08:19:59,0,With parents,1.70m,Monday,Yes,8,5,Standard,Second year (completed at least 48CP but less than 96CP),None of the time,I'm fully vaccinated,Facebook,Female,Medium-well done,Right,8,4,1,Kind Regards,"$70,000",DATA2002,Financial Mathematics and Statistics,0
21/08/2021 08:32:30,1,College or student accomodation,6’2,monday,Yes,9,7,Easy,Second year (completed at least 48CP but less than 96CP),Most of the time,I'm partially vaccinated,twitter,male,Medium-rare,Right,3,8,5,regards,80000,DATA2902 (Advanced),Financial Mathematics and Statistics,5
21/08/2021 08:49:17,1,College or student accomodation,6’2,monday,Yes,9,7,Easy,Second year (completed at least 48CP but less than 96CP),Most of the time,I'm partially vaccinated,twitter,male,Medium-rare,Right,3,8,5,regards,80000,DATA2902 (Advanced),Financial Mathematics and Statistics,5
21/08/2021 08:53:22,0,With parents,184cm,Monday,Yes,7,4,Standard,Second year (completed at least 48CP but less than 96CP),All the time,I'm fully vaccinated,Facebook,Male,Medium-rare,Left,6,4,5,Kind regards,80000,DATA2902 (Advanced),Mathematical Sciences Program (Mathematics major selective),10
21/08/2021 09:17:39,2,With parents,175 cm,Monday,Yes,6,6,Standard,Second year (completed at least 48CP but less than 96CP),Some of the time,I'm partially vaccinated,Instagram,Male,I don't eat beef,Ambidextrous,3,4,4,Kind regards,80000,DATA2002,Data Science,5
21/08/2021 09:22:26,0,With parents,180 cm,Friday,Yes,8,5,Standard,Second year (completed at least 48CP but less than 96CP),Most of the time,"Not yet, but I want to",Youtube,Male,Medium,Right,6,4,0,"Cheers, ",$65000,DATA2902 (Advanced),Financial Mathematics and Statistics,5
21/08/2021 09:30:29,0,With parents,170 cm,Monday,Yes,7,6,Standard,Second year (completed at least 48CP but less than 96CP),Some of the time,I'm partially vaccinated,Youtube,Female,I don't eat beef,Right,7,7,13,Kindest regards,70000,DATA2902 (Advanced),Data Science,7
21/08/2021 09:34:10,0,With parents,176cm,Monday,Yes,8,6,Easy,Second year (completed at least 48CP but less than 96CP),Some of the time,"Not yet, but I want to",Facebook,Male,Medium-rare,Right,2,6,4,Regards,70000,DATA2002,Data Science,10.5
21/08/2021 10:42:10,1,With parents,180cm,Monday,Yes,8,6,Standard,Second year (completed at least 48CP but less than 96CP),Some of the time,I'm partially vaccinated,Facebook,Male,Medium-well done,Right,6,6,10,"Kind regards,",$62500,DATA2902 (Advanced),Mathematical Sciences Program (Mathematics major selective),7
21/08/2021 10:49:37,0,Alone,171,Friday,Yes,6,6,Standard,Second year (completed at least 48CP but less than 96CP),None of the time,I do not want to get vaccinated,YouTube,Male,Well done,Right,7,2,5,Sincerely yours,65000,DATA2002,Financial Mathematics and Statistics,10
21/08/2021 11:12:22,0,Alone,5'3,Friday,Yes,5,4,Difficult,Second year (completed at least 48CP but less than 96CP),Most of the time,"Not yet, but I want to",YouTube,Woman/Female,Medium-rare,Ambidextrous,3,7,2,Kind regards,65000,DATA2002,Data Science,5
21/08/2021 11:25:13,0,With parents,172cm,Monday,Yes,7,5,Standard,Second year (completed at least 48CP but less than 96CP),Some of the time,I'm fully vaccinated,Reddit,Male,Medium,Right,4,4,6,Thanks,80000,DATA2902 (Advanced),Data Science,4
21/08/2021 11:39:33,0,With parents,176 cm,Monday,Yes,7,5,Standard,Second year (completed at least 48CP but less than 96CP),Some of the time,I'm fully vaccinated,reddit,Male,Medium-rare,Right,6,2,0,Kind regards,"100,000",DATA2002,Computational Data Science,7
21/08/2021 11:54:43,0,Share house,184 cm,Monday,Yes,5,6,Standard,Second year (completed at least 48CP but less than 96CP),All the time,I'm fully vaccinated,Twitter,Male,Medium-rare,Right,6,3,7,"Best regards,",80000,DATA2002,Data Science,4
21/08/2021 12:13:42,0,With parents,170,Friday,Yes,6,6,Difficult,Second year (completed at least 48CP but less than 96CP),Some of the time,I'm fully vaccinated,Instagram,Male,Medium-well done,Right,5,3,3,Kind Regards,$70000,DATA2002,"Data Science, Business Analyst",7
21/08/2021 12:19:09,0,College or student accomodation,173cm,Monday,Yes,8,5,Standard,Third year or higher (successfully completed more than 96CP),Some of the time,I'm partially vaccinated,Reddit,Female,Rare,Right,7,6,9,Kind regards,50000,DATA2902 (Advanced),Data Science,7
21/08/2021 12:20:37,8,With parents,167,Monday,No,9,6,Standard,Second year (completed at least 48CP but less than 96CP),None of the time,I'm partially vaccinated,Wechat,Female,Medium-well done,Right,10,3,6,Good,$15000,DATA2002,Statistics,20
21/08/2021 12:23:21,0,With parents,171cm,Friday,Yes,7,6,Standard,Second year (completed at least 48CP but less than 96CP),Some of the time,"Not yet, but I want to",twitter,male,Medium,Right,6,10,6,Sincerely,"70,000",DATA2002,"Computational Data Science, Computer Science",4
21/08/2021 12:29:42,0,With parents,162cm,Monday,No,6,6,Difficult,Second year (completed at least 48CP but less than 96CP),Some of the time,"Not yet, but I want to",Weibo,Femal,Medium-well done,Right,7,5,8,Have a nice day!,"5,000 AUD per month",DATA2002,Computational Data Science,3
21/08/2021 12:40:27,0,Alone,165cm,Friday,Yes,1,1,Difficult,Second year (completed at least 48CP but less than 96CP),Some of the time,"Not yet, but I want to",insgram,female,Well done,Right,10,10,0,,,DATA2002,Statistics,5
21/08/2021 13:10:12,1,With parents,165cm,Friday,Yes,7,2,Difficult,Second year (completed at least 48CP but less than 96CP),Most of the time,I'm fully vaccinated,Instagram,Female,Medium-rare,Right,6,9,,Warmest Regards,,DATA2002,Computational Data Science,15
21/08/2021 13:36:06,0,With partner,1.65 m,monday,Yes,6,6,Easy,Third year or higher (successfully completed more than 96CP),None of the time,I'm partially vaccinated,Twitter,Non-binary,I don't eat beef,Right,10,9,10,Thanks,40000,DATA2002,Computational Data Science,0
21/08/2021 13:42:18,0,With parents,181,Monday,Yes,8,3,Difficult,Second year (completed at least 48CP but less than 96CP),Some of the time,"Not yet, but I want to",Instagram,Male,Medium-rare,Right,6,8,3,Kind Regards,80000,DATA2002,Computational Data Science,1
21/08/2021 13:49:31,5,With parents,165cm,Monday,No,8,6,Standard,Second year (completed at least 48CP but less than 96CP),Most of the time,I'm partially vaccinated,Youtube,Female,Medium,Right,9,8,11,Best regards,32$ / hour,DATA2002,Minor in Data Science,1
21/08/2021 13:56:48,4,College or student accomodation,6'3'',Monday,Yes,7,8,Standard,Second year (completed at least 48CP but less than 96CP),All the time,I'm fully vaccinated,Twitter ,Male,Well done,Left,7,5,1,"Thanks,","100,000",DATA2002,Data Science,5
21/08/2021 14:03:48,0,With parents,176cm,monday ,Yes,8,3,Standard,Third year or higher (successfully completed more than 96CP),Some of the time,I'm partially vaccinated,reddit,male,Medium-rare,Right,10,6,8,"Warm Regards, ",mid 60k,DATA2002,"I'm doing it as an elective, Commerce + Adv Studies",2
21/08/2021 14:18:23,2,With parents,175cm,Monday,Yes,8,7,Standard,Third year or higher (successfully completed more than 96CP),Most of the time,I'm fully vaccinated,Facebook,Male,Medium-rare,Right,5,7,6,Kind Regards,"$70,000",DATA2002,I'm doing it as an elective,5
21/08/2021 14:54:44,0,With parents,"6'3""",Monday,Yes,6,7,Easy,Third year or higher (successfully completed more than 96CP),Some of the time,I'm partially vaccinated,,Male,Medium-well done,Right,6,7,6,"Thanks,","75,000",DATA2002,Data Science,10
21/08/2021 15:17:41,0,With partner,165,Friday,Yes,9,7,Standard,Second year (completed at least 48CP but less than 96CP),Some of the time,I'm fully vaccinated,,female,Well done,Right,9,2,3,warm regards,70000,DATA2002,Quantitative Life Sciences,10
21/08/2021 16:10:13,0,With parents,1.64m,Monday,No,4,5,Standard,Second year (completed at least 48CP but less than 96CP),None of the time,"Not yet, but I want to",Instagram,Female,Medium,Right,4,9,10,Best Regards,1800,DATA2002,Statistics,2
21/08/2021 16:19:38,0,With parents,173,Monday,No,4,5,Standard,Second year (completed at least 48CP but less than 96CP),Some of the time,I'm partially vaccinated,,male,Medium,Right,4,3,3,regards,3000 per month,DATA2002,Data Science,5
21/08/2021 16:31:00,1,With parents,178cm,Monday,No,9,9,Standard,Second year (completed at least 48CP but less than 96CP),Some of the time,I'm fully vaccinated,facebook,male,Medium-well done,Right,9,9,255,dear,10000,DATA2002,Computer science,10
21/08/2021 16:36:48,0,Share house,160,Monday,Yes,6,4,Standard,Second year (completed at least 48CP but less than 96CP),None of the time,"Not yet, but I want to",WeChat,F,Medium-well done,Right,6,7,5,Looking forwards to your reply.,$4500/month,DATA2002,Computational Data Science,0
21/08/2021 16:37:11,0,With parents,180 cm,Monday,Yes,8,6,Easy,Second year (completed at least 48CP but less than 96CP),None of the time,"Not yet, but I want to",Facebook,Male,Medium,Right,5,5,0,Kind regards,"$70,000",DATA2002,Statistics,9
21/08/2021 16:49:11,4,With parents,172,Monday,No,8,5,Difficult,Second year (completed at least 48CP but less than 96CP),None of the time,I'm fully vaccinated,Wechat,female,Medium-well done,Right,3,3,,,,DATA2002,Data Science,5
21/08/2021 16:58:41,0,With parents,1.7 m,Monday,Yes,6,2,Standard,Third year or higher (successfully completed more than 96CP),None of the time,"Not yet, but I want to",None,Male,Rare,Right,4,3,7,Thank you,70000,DATA2002,Statistics,0
21/08/2021 17:01:24,0,With partner,186cm,Friday,Yes,8,6,Standard,Second year (completed at least 48CP but less than 96CP),Most of the time,I'm partially vaccinated,instagram,male,Medium-rare,Right,2,2,11,respectfully yours,80k,DATA2002,I'm doing it as an elective,10
21/08/2021 17:06:57,3,College or student accomodation,174,Monday,Yes,8,5,Standard,Second year (completed at least 48CP but less than 96CP),Most of the time,I'm partially vaccinated,Tiktok,Female,Medium-rare,Right,6,4,8,Kind regards,80000,DATA2902 (Advanced),Data Science,3
21/08/2021 17:21:50,0,With parents,175,Friday,Yes,4,1,Standard,Second year (completed at least 48CP but less than 96CP),None of the time,I'm fully vaccinated,IG,M,Well done,Right,5,1,8,Kind Regards,80000,DATA2002,Mathematical Sciences Program (Mathematics major selective),4
21/08/2021 17:43:56,0,With parents,158,Monday,Yes,7,6,Standard,Second year (completed at least 48CP but less than 96CP),Some of the time,I'm fully vaccinated,TikTok,Female,Well done,Right,8,5,3,Sincerely,"70,000",DATA2002,Financial Mathematics and Statistics,4
21/08/2021 17:44:39,0,With parents,165,Friday,No,6,6,Standard,Second year (completed at least 48CP but less than 96CP),Some of the time,I'm fully vaccinated,instagram,female,Medium-rare,Right,4,5,2,kind regards,20000,DATA2002,Financial Mathematics and Statistics,5
21/08/2021 17:47:33,0,With parents,180,Monday,No,7,6,Standard,First year (not yet successfully completed 48CP),Most of the time,I'm fully vaccinated,ed,male,Medium-well done,Right,7,8,1,"Best wish,",5000,DATA2002,Data Science,10
21/08/2021 18:45:17,5,With parents,163cm,Monday,No,5,3,Difficult,First year (not yet successfully completed 48CP),None of the time,I'm fully vaccinated,Tiktok,female,Medium-rare,Right,8,8,8,Best regards,50000,DATA2002,Computational Data Science,3.5
21/08/2021 19:22:21,1,With parents,162cm,Monday,Yes,8,6,Standard,Second year (completed at least 48CP but less than 96CP),All the time,I'm fully vaccinated,Instagram,Female,I don't eat beef,Right,7,5,6,"Thank you, Kind Regards","$90,000",DATA2002,Data Science,6
21/08/2021 19:23:06,0,Share house,170,Monday,Yes,7,2,Standard,Third year or higher (successfully completed more than 96CP),Most of the time,I'm partially vaccinated,Instagram,Male,Medium-rare,Right,5,7,4,Best,30k,DATA2002,Computational Data Science,2
21/08/2021 19:31:48,0,With parents,151,Monday,No,7,5,Standard,First year (not yet successfully completed 48CP),Some of the time,I'm partially vaccinated,No,Famale,Well done,Right,8,8,2,Kindly Regards,3000,DATA2002,Computational Data Science,3
21/08/2021 19:51:29,1,With parents,177,Friday,Yes,9,7,Standard,Second year (completed at least 48CP but less than 96CP),Some of the time,I'm partially vaccinated,Instagram,Male,I don't eat beef,Right,6,10,0,Thank You,75000,DATA2002,Computational Data Science,2
21/08/2021 20:58:38,0,With parents,185cm,Friday,Yes,7,7,Standard,Second year (completed at least 48CP but less than 96CP),Some of the time,I'm partially vaccinated,idk,Male,Medium-rare,Right,1,7,3,Answers vary,70k,DATA2002,"Data Science, Statistics",1
21/08/2021 21:16:32,0,With parents,179,Wednesday,Yes,9,4,Standard,Second year (completed at least 48CP but less than 96CP),Some of the time,I'm partially vaccinated,,male,Medium-well done,Right,7,1,3,best wishes,75000,DATA2002,"Financial Mathematics and Statistics, Mathematical Sciences Program (Mathematics major selective)",20
21/08/2021 21:44:43,10,With parents,176,,No,10,1,Easy,Second year (completed at least 48CP but less than 96CP),None of the time,I'm partially vaccinated,wechat,male,Well done,Right,10,10,,,"this is not about the degree, which is relevant to the data science ability ",DATA2002,"Statistics, Computational Data Science",80
21/08/2021 22:38:13,1,With parents,168,Monday,Yes,5,4,Standard,First year (not yet successfully completed 48CP),Most of the time,"Not yet, but I want to",Weibo,Female,Medium,Right,7,7,18,Thank you,80000,DATA2002,Computational Data Science,3
22/08/2021 03:36:22,0,Alone,1.8 M,Monday,Yes,5,6,Standard,Third year or higher (successfully completed more than 96CP),Some of the time,"Not yet, but I want to",Discord,Male,Medium,Right,6,8,4,Best regards,60000,DATA2002,Computer Science,1
22/08/2021 10:07:23,0,With parents,175cm,Monday,Yes,9,6,Standard,Second year (completed at least 48CP but less than 96CP),None of the time,"Not yet, but I want to",Discord,Male,Medium-rare,Right,7,6,7,Regards,100000,DATA2002,Data Science,2.5
22/08/2021 10:40:07,0,With parents,178cm,Friday,Yes,7,4,Standard,Second year (completed at least 48CP but less than 96CP),Most of the time,I'm partially vaccinated,None,Female,Medium-well done,Right,3,4,14,Kind regards,"$65,000",DATA2002,Data Science,10
22/08/2021 12:39:10,0,With parents,6' 4'',Monday,Yes,9,8,Easy,Second year (completed at least 48CP but less than 96CP),Most of the time,"Not yet, but I want to",Reddit,Male,Medium-rare,Right,7,6,8,Thanks (if I'm asking for something or asking a question) ,60000,DATA2002,Mathematical Sciences Program (Mathematics major selective),4
22/08/2021 12:59:54,1,With parents,168cm,Monday,No,9,6,Difficult,Second year (completed at least 48CP but less than 96CP),Some of the time,I'm fully vaccinated,qq,female,Medium-well done,Right,10,6,11,yours sincerely,"$95,000",DATA2002,Data Science,
22/08/2021 16:08:59,1,With partner,1.70 meters,Friday,No,9,6,Standard,Second year (completed at least 48CP but less than 96CP),None of the time,I'm fully vaccinated,Wechat,Male,Medium-well done,Right,6,8,8,Best Regards,I have no idea. Haven't lived in Australia yet.,DATA2902 (Advanced),Data Science,0
22/08/2021 16:28:29,0,With parents,1.67,Friday,No,5,3,Difficult,Second year (completed at least 48CP but less than 96CP),None of the time,I'm partially vaccinated,WeChat,female,Medium,Right,7,8,4,,don't know,DATA2002,"Data Science, Financial Mathematics and Statistics",4
22/08/2021 18:04:45,0,College or student accomodation,178,Friday,Yes,8,1,Standard,Second year (completed at least 48CP but less than 96CP),Some of the time,"Not yet, but I want to",twitter,Male,Medium-rare,Right,3,2,4,Best,60,DATA2002,"Statistics, Financial Mathematics and Statistics",7
22/08/2021 18:13:23,0,With parents,182cm,Monday,No,7,5,Standard,Second year (completed at least 48CP but less than 96CP),Some of the time,I'm fully vaccinated,QQ,Male,Medium,Left,9,6,8,Kind Regards,2000,DATA2002,Statistics,2
22/08/2021 20:25:01,0,With parents,165,Monday,Yes,8,4,Standard,Second year (completed at least 48CP but less than 96CP),Some of the time,"Not yet, but I want to",Facebook,Male,Medium-rare,Right,7,5,11,Thanks,80000,DATA2902 (Advanced),Mathematical Sciences Program (Mathematics major selective),2
22/08/2021 22:03:19,3,College or student accomodation,168cm,Monday,Yes,7,3,Standard,Second year (completed at least 48CP but less than 96CP),None of the time,I'm fully vaccinated,Instagram,female,Medium-rare,Right,3,4,5,thanks,$100000,DATA2002,Data Science,7
22/08/2021 22:28:36,2,With parents,175cm,Monday,No,8,4,Difficult,Second year (completed at least 48CP but less than 96CP),None of the time,I'm fully vaccinated,wechat,female,Medium-well done,Right,5,5,3,kind regards ,800,DATA2002,Financial Mathematics and Statistics,12
22/08/2021 23:50:13,5,With parents,170cm,Monday,No,2,1,Difficult,Second year (completed at least 48CP but less than 96CP),None of the time,I'm fully vaccinated,wechat,female,Medium-well done,Right,8,3,2,Best regards,"$10,000",DATA2002,"Data Science, Financial Mathematics and Statistics",1
23/08/2021 00:02:53,5,With parents,176cm,Friday,No,7,5,Difficult,Second year (completed at least 48CP but less than 96CP),Most of the time,I'm fully vaccinated,Wechat,Female,Medium,Right,8,5,4,Yours sincerely,"$40,000 per year",DATA2002,Statistics,3
23/08/2021 08:56:07,3,College or student accomodation,178cm,Monday,Yes,9,6,Standard,Second year (completed at least 48CP but less than 96CP),Most of the time,I'm partially vaccinated,Facebook,Male,Medium-rare,Right,3,3,12,"Many thanks,",70000,DATA2002,Data Science,4
23/08/2021 09:37:41,0,College or student accomodation,176,Christmas,Yes,5,5,Standard,Third year or higher (successfully completed more than 96CP),Some of the time,"Not yet, but I want to",Bilibili and youtube,Male,Medium-rare,Right,8,5,10,No,95000,DATA2002,"Computational Data Science, Computer science",8
23/08/2021 09:40:44,1,With partner,178cm ,Monday,Yes,7,3,Standard,Second year (completed at least 48CP but less than 96CP),Most of the time,I'm partially vaccinated,Snapchat,Male,Rare,Right,5,2,7,"Cheers, ","90,000",DATA2002,Computational Data Science,5
23/08/2021 11:03:15,2,With parents,168cm,Monday,No,8,2,Difficult,Second year (completed at least 48CP but less than 96CP),Some of the time,I'm fully vaccinated,Wechat in China,Female,Well done,Right,5,2,2,,idk,DATA2002,Financial Mathematics and Statistics,6
23/08/2021 11:09:10,1,With parents,165cm,Friday,Yes,8,6,Difficult,Second year (completed at least 48CP but less than 96CP),Some of the time,I'm fully vaccinated,Reddit,Female,Medium-rare,Right,8,5,16,"Kind regards,",65000,DATA2002,Financial Mathematics and Statistics,2
23/08/2021 11:15:30,0,With partner,163,Friday,Yes,4,5,Standard,Third year or higher (successfully completed more than 96CP),None of the time,"Not yet, but I want to",tiktok,,Medium,Right,3,1,,Best regards,,DATA2002,,0
23/08/2021 11:58:59,0,With parents,167cm,Monday,No,7,4,Difficult,Second year (completed at least 48CP but less than 96CP),Some of the time,"Not yet, but I want to",instagram,female,Medium-well done,Right,8,2,2,best regards,"1,000 per week",DATA2002,Computational Data Science,5
23/08/2021 12:12:12,0,With parents,"5'6""",monday,Yes,6,4,Standard,Second year (completed at least 48CP but less than 96CP),Most of the time,I'm fully vaccinated,insta,female,I don't eat beef,Right,8,6,13,thanks,"$80,000",DATA2002,Data Science,1
23/08/2021 13:12:41,1,Share house,175,Monday,Yes,8,6,Standard,Third year or higher (successfully completed more than 96CP),None of the time,"Not yet, but I want to",WECHAT,MALE,Well done,Right,6,3,8,,3000,DATA2002,Statistics,10
23/08/2021 13:28:59,6,With parents,1.79m,Wednesday,No,7,4,Difficult,Second year (completed at least 48CP but less than 96CP),None of the time,I'm fully vaccinated,wechat,Male,Well done,Right,2,9,8,,$50k,DATA2002,"Data Science, Computational Data Science",8
23/08/2021 14:13:54,1,With parents,168 cm (5 feet 5 inches),Monday,No,8,3,Standard,Third year or higher (successfully completed more than 96CP),Some of the time,I'm fully vaccinated,Instagram,Female,Medium-rare,Right,3,3,10,Regards,$50 - 60k annually,DATA2002,Financial Mathematics and Statistics,3
23/08/2021 14:19:08,5,With parents,183,Monday,Yes,8,3,Standard,Second year (completed at least 48CP but less than 96CP),Some of the time,I'm partially vaccinated,Instagram,Male,Medium-rare,Right,5,9,5,Cheers,75000,DATA2002,Data Science,6
23/08/2021 15:10:56,1,With parents,167cm,Monday,Yes,5,3,Standard,Second year (completed at least 48CP but less than 96CP),Most of the time,I'm partially vaccinated,Youtube,Male,Medium,Right,5,2,,Thank you for reading. From,55k,DATA2002,Statistics,4
23/08/2021 15:57:07,2,with sister,5'7,Monday,Yes,5,2,Difficult,Third year or higher (successfully completed more than 96CP),None of the time,I'm fully vaccinated,Instagram,Male,Medium-rare,Right,9,9,8,Best regards,$70k,DATA2002,I'm doing it as an elective,3
23/08/2021 18:15:51,,,1.65m,Monday,Yes,3,2,Difficult,Second year (completed at least 48CP but less than 96CP),Most of the time,,Facebook,Female,Well done,Right,6,1,2,Thanks,"60,000",DATA2002,Statistics,3
23/08/2021 18:33:53,1,With parents,1.63m,Monday,No,5,4,Standard,Second year (completed at least 48CP but less than 96CP),Most of the time,I'm fully vaccinated,Instagram,female,Medium,Right,4,5,10,,6000 AUD/month,DATA2002,Statistics,6
23/08/2021 20:05:36,0,With parents,163,monday,No,9,6,Difficult,Second year (completed at least 48CP but less than 96CP),None of the time,"Not yet, but I want to",instagram,f,Medium-well done,Right,8,5,2,,4000,DATA2002,Computational Data Science,4
23/08/2021 20:44:34,0,College or student accomodation,184cm,Monday,Yes,8,6,Standard,Second year (completed at least 48CP but less than 96CP),Some of the time,I'm partially vaccinated,Instagram,Male,Medium-rare,Right,5,3,6,Regards,"50,000",DATA2902 (Advanced),"Financial Mathematics and Statistics, Mathematical Sciences Program (Mathematics major selective)",2
23/08/2021 21:25:25,0,With parents,162cm,Monday,No,5,5,Standard,Second year (completed at least 48CP but less than 96CP),Some of the time,I'm fully vaccinated,instagram,female,Medium,Right,6,4,10,Kind regards,"$100,000/year",DATA2002,Financial Mathematics and Statistics,2
23/08/2021 23:06:17,0,With partner,195cm,Monday,Yes,4,6,Standard,Third year or higher (successfully completed more than 96CP),Most of the time,I'm partially vaccinated,Instagram,Male,Medium-rare,Right,5,6,5,Regards,$60000,DATA2002,Quantitative sciences,5
23/08/2021 23:13:33,0,With parents,165,Friday,Yes,8,9,Standard,Third year or higher (successfully completed more than 96CP),None of the time,"Not yet, but I want to",WeChat,Female,Medium-well done,Right,10,10,18,Regards,60000 p.a,DATA2002,Computational Data Science,0.5
24/08/2021 00:41:56,8,With parents,165cm,Friday,Yes,3,4,Difficult,Second year (completed at least 48CP but less than 96CP),None of the time,I'm fully vaccinated,Instagram,Female,Medium-well done,Right,9,8,0,Thanks,$90000,DATA2002,Data Science,0
24/08/2021 01:43:51,0,With partner,168cm,,No,7,4,Standard,Second year (completed at least 48CP but less than 96CP),None of the time,I'm fully vaccinated,,female,Medium-rare,Right,4,1,,,,DATA2002,Data Science,4
24/08/2021 03:12:44,0,With parents,5'10,Monday,Yes,5,7,Difficult,Second year (completed at least 48CP but less than 96CP),Some of the time,"Not yet, but I want to",Reddit,Male,Well done,Right,3,4,5,Regards,75000,DATA2002,Data Science,1.5
24/08/2021 08:41:24,0,Alone,180 cm,monday,Yes,7,2,Difficult,Second year (completed at least 48CP but less than 96CP),None of the time,"Not yet, but I want to",Youtube,Male,I don't eat beef,Right,2,8,20,Regards ,"40,000",DATA2002,Financial Mathematics and Statistics,1
24/08/2021 11:16:15,0,With parents,not very,md,No,6,5,Difficult,Third year or higher (successfully completed more than 96CP),Some of the time,I'm fully vaccinated,wechat,man,Medium,Right,8,8,12,thank you,22/h,DATA2002,I'm doing it as an elective,6
24/08/2021 11:32:06,0,With parents,175,Monday,Yes,7,6,Standard,Third year or higher (successfully completed more than 96CP),None of the time,"Not yet, but I want to",Facebook,Male,,Right,4,3,0,Cheers,"$70,000",DATA2002,I'm doing it as an elective,2
24/08/2021 14:01:23,0,College or student accomodation,176,Monday,Yes,9,7,Standard,Second year (completed at least 48CP but less than 96CP),Some of the time,"Not yet, but I want to",Facebook,Male,Medium,Right,9,9,15,Kind Regards,,DATA2902 (Advanced),Data Science,3
24/08/2021 14:01:52,0,With parents,177,Monday,Yes,6,5,Difficult,Second year (completed at least 48CP but less than 96CP),None of the time,"Not yet, but I want to",none,Male,Medium-well done,Right,6,10,4,Thanks,70000,DATA2902 (Advanced),Data Science,4
24/08/2021 14:02:14,1,With parents,170 cm,Monday,Yes,7,7,Easy,Third year or higher (successfully completed more than 96CP),None of the time,"Not yet, but I want to",Reddit,Male,Medium-rare,Right,0,5,8,Kind regards,"$80,000",DATA2902 (Advanced),Mathematical Sciences Program (Mathematics major selective),6
24/08/2021 14:04:41,2,College or student accomodation,160cm,Friday,Yes,5,5,Standard,Second year (completed at least 48CP but less than 96CP),Some of the time,"Not yet, but I want to",Messenger,Female,Medium-rare,Right,5,1,4,Thanks,70000,DATA2902 (Advanced),Mathematical Sciences Program (Mathematics major selective),3
24/08/2021 14:06:05,1,With parents,167cm,No,Yes,5,2,Standard,Second year (completed at least 48CP but less than 96CP),None of the time,"Not yet, but I want to",instagram,Male,Medium-rare,Left,6,5,6,From *name*,"70,000",DATA2002,Data Science,5
24/08/2021 14:10:02,0,With parents,178cm,Monday,Yes,9,6,Standard,Second year (completed at least 48CP but less than 96CP),Most of the time,I'm partially vaccinated,Facebook,Male,Medium-rare,Right,3,5,9,Sincerely,70000,DATA2902 (Advanced),Mathematical Sciences Program (Mathematics major selective),6
24/08/2021 14:10:32,0,With parents,166,Monday ,Yes,8,6,Standard,Second year (completed at least 48CP but less than 96CP),Some of the time,"Not yet, but I want to",Instagram ,Female,I don't eat beef,Right,6,5,3,,,DATA2002,Statistics,10
24/08/2021 14:10:41,0,With parents,162,Monday,No,5,5,Difficult,Second year (completed at least 48CP but less than 96CP),Some of the time,I'm fully vaccinated,facebook,female,Medium-well done,Ambidextrous,10,5,3,best wishes,$50/hr,DATA2902 (Advanced),physics,5
24/08/2021 14:19:20,1,With parents,"5'7""",Friday,Yes,6,4,Easy,Second year (completed at least 48CP but less than 96CP),Most of the time,I'm partially vaccinated,Discord,Woman,I don't eat beef,Right,8,4,0,Cheers,"$50,000",DATA2002,Data Science,0.5
24/08/2021 15:02:21,0,With parents,5.5,friday,No,6,2,Difficult,Second year (completed at least 48CP but less than 96CP),Some of the time,I'm fully vaccinated,instagram/snap,female,I don't eat beef,Right,7,3,2,thank you,not sure,DATA2002,Data Science,4
24/08/2021 16:41:41,0,Alone,165,Monday,Yes,4,3,Difficult,Second year (completed at least 48CP but less than 96CP),Some of the time,"Not yet, but I want to",reddit,Male,Medium,Right,3,1,5,Regards,45000,DATA2002,Data Science,1
24/08/2021 16:41:45,0,With parents,5'11,Friday,Yes,7,4,Standard,Second year (completed at least 48CP but less than 96CP),Some of the time,"Not yet, but I want to",facebook,Male,Medium-well done,Right,3,2,0,Kind Regards,"60,000",DATA2002,Data Science,5
24/08/2021 19:34:33,0,With parents,152 cm,Friday,Yes,5,6,Standard,Second year (completed at least 48CP but less than 96CP),Some of the time,I'm partially vaccinated,tiktok,female,Well done,Right,7,8,6,Thank you,70k,DATA2002,Computational Data Science,7
24/08/2021 22:01:28,7,With parents,170 cm,Monday,Yes,8,6,Standard,Second year (completed at least 48CP but less than 96CP),Some of the time,I'm partially vaccinated,Snapchat,Male,Medium-well done,Left,4,7,7,"Regards,",roughly 60000 AUD,DATA2902 (Advanced),Mathematical Sciences Program (Mathematics major selective),2
24/08/2021 22:21:10,0,With parents,1.62,Monday,Yes,7,7,Standard,Second year (completed at least 48CP but less than 96CP),Some of the time,"Not yet, but I want to",Facebook,Female,Medium-well done,Right,6,7,9,Thank you,80000,DATA2002,"Data Science, Computational Data Science",1.5
24/08/2021 23:03:29,0,Alone,184,monday,Yes,5,4,Difficult,Third year or higher (successfully completed more than 96CP),Some of the time,"Not yet, but I want to",,male,Medium,Right,9,9,25,kind regard,2000,DATA2002,"Data Science, Statistics",2
25/08/2021 00:09:55,0,Share house,170cm,Monday,Yes,8,7,Standard,Second year (completed at least 48CP but less than 96CP),All the time,I'm partially vaccinated,,Male,Medium-rare,Right,9,6,,Cheers,80000,DATA2902 (Advanced),Statistics,7
25/08/2021 01:09:25,1,With parents,178cm,Friday,No,4,4,Standard,Second year (completed at least 48CP but less than 96CP),Most of the time,I'm fully vaccinated,Wechat,Female,Medium-well done,Right,7,8,4,Regards,90000/year,DATA2002,Data Science,1
25/08/2021 10:04:14,0,Share house,163cm,Monday,Yes,7,6,Standard,Second year (completed at least 48CP but less than 96CP),Some of the time,"Not yet, but I want to",wechat,female,Medium-rare,Right,3,1,0,Thanks a lot,50000,DATA2002,"Data Science, Financial Mathematics and Statistics",2
25/08/2021 13:22:34,2,With parents,176cm,Monday,No,5,5,Difficult,Second year (completed at least 48CP but less than 96CP),None of the time,I'm fully vaccinated,Wechat,male,Well done,Left,10,10,2,best wishes,10000,DATA2002,Data Science,5
25/08/2021 13:42:54,0,With parents,184 cm,Monday ,Yes,4,4,Standard,Second year (completed at least 48CP but less than 96CP),Some of the time,I'm partially vaccinated,Reddit,Male,Medium-rare,Right,7,4,1,Kind regards,40K??,DATA2002,Data Science,4
25/08/2021 15:03:02,1,Share house,183,Monday,Yes,5,5,Standard,Second year (completed at least 48CP but less than 96CP),None of the time,I'm fully vaccinated,Instagram,Male,Medium-rare,Right,3,7,3,Regards,60000,DATA2002,Data Science,2
25/08/2021 15:03:40,0,Share house,1.80m,,Yes,10,10,Easy,Second year (completed at least 48CP but less than 96CP),Some of the time,"Not yet, but I want to",,male,Medium,Right,10,10,,,,DATA2002,Mathematical Sciences Program (Mathematics major selective),10
25/08/2021 15:04:07,1,With parents,185cm,Friday,Yes,8,4,Standard,Second year (completed at least 48CP but less than 96CP),Some of the time,I'm fully vaccinated,Tik Tok,Male,Medium-rare,Left,7,3,2,Kind Regards,"80,000",DATA2002,Data Science,5
25/08/2021 15:04:40,0,With parents,158cm,Monday,Yes,5,5,Standard,Second year (completed at least 48CP but less than 96CP),Most of the time,I'm partially vaccinated,Instagram,Female,Medium-well done,Right,3,8,15,Kind Regards,$50 000,DATA2002,Data Science,0
25/08/2021 15:04:48,1,With parents,,monday,Yes,7,4,Standard,Second year (completed at least 48CP but less than 96CP),Some of the time,I'm partially vaccinated,,female,I don't eat beef,Right,6,8,,Thanks,,DATA2002,Financial Mathematics and Statistics,7
25/08/2021 15:04:48,0,Share house,170cm,Monday,Yes,8,3,Standard,Second year (completed at least 48CP but less than 96CP),Some of the time,"Not yet, but I want to",Wetchat,Female,Medium-well done,Right,9,1,0,,4000/month,DATA2002,Financial Mathematics and Statistics,1
25/08/2021 15:04:58,0,With parents,1.8,Monday,No,7,6,Standard,Second year (completed at least 48CP but less than 96CP),Some of the time,I'm partially vaccinated,Reddit,Male,Medium-well done,Right,6,6,,Kind Regards,,DATA2002,Statistics,0
25/08/2021 15:05:04,2,With parents,195cm,Monday,No,4,4,Standard,Second year (completed at least 48CP but less than 96CP),Some of the time,I'm partially vaccinated,wechat,male,Medium,Ambidextrous,7,6,0,Yours,3000,DATA2002,Data Science,3
25/08/2021 15:05:16,0,With parents,5'6,Friday,Yes,7,4,Standard,Third year or higher (successfully completed more than 96CP),Most of the time,"Not yet, but I want to",Instagram,Female,Medium-well done,Right,5,3,2,"Kind Regards,","30,000",DATA2002,Data Science,2
25/08/2021 15:05:21,10,With parents,178,Monday,No,3,5,Difficult,Second year (completed at least 48CP but less than 96CP),Some of the time,I'm partially vaccinated,wechat facebook,male,Medium-well done,Right,9,7,5,Take Care,5000,DATA2002,Data Science,2
25/08/2021 15:05:22,2,With parents,173,,Yes,9,5,Standard,Second year (completed at least 48CP but less than 96CP),Some of the time,"Not yet, but I want to",bilibili,M,Medium-rare,Left,6,7,3,,40000 per year,DATA2002,Data Science,7
25/08/2021 15:05:32,0,Alone,183cm,Monday,Yes,9,7,Standard,Second year (completed at least 48CP but less than 96CP),None of the time,"Not yet, but I want to",Instagram,Male,Medium-rare,Right,3,4,0,Regards,60k/year,DATA2002,"Data Science, Statistics",4
25/08/2021 15:05:43,0,College or student accomodation,174,Monday,Yes,5,5,Difficult,Second year (completed at least 48CP but less than 96CP),Most of the time,I do not want to get vaccinated,Twitter,Male,Medium-rare,Right,7,7,9,Best,"$80,000",DATA2002,Data Science,5
25/08/2021 15:05:46,0,Alone,176,monday,Yes,5,7,Standard,Second year (completed at least 48CP but less than 96CP),Some of the time,"Not yet, but I want to",instagram,male,Medium-rare,Right,6,8,10,kind regard,"$75,000",DATA2002,Data Science,7
25/08/2021 15:05:52,0,With parents,1.75m,Friday,Yes,9,6,Standard,Second year (completed at least 48CP but less than 96CP),Some of the time,"Not yet, but I want to",Facebook,Male,Medium-well done,Right,6,6,,Best Regards,$90000,DATA2902 (Advanced),Data Science,4
25/08/2021 15:05:55,0,With parents,170,Friday,Yes,7,5,Standard,Second year (completed at least 48CP but less than 96CP),None of the time,I'm partially vaccinated,Youtube,Female,Medium,Left,6,3,0,Kind Regards,80000,DATA2002,Financial Mathematics and Statistics,2
25/08/2021 15:05:58,1,Alone,175cm,,Yes,6,3,Standard,Second year (completed at least 48CP but less than 96CP),Most of the time,"Not yet, but I want to",wechat,male,Rare,Right,4,10,100,,not sure,DATA2002,Data Science,4
25/08/2021 15:05:58,0,College or student accomodation,159cm,Monday,Yes,6,4,Standard,Second year (completed at least 48CP but less than 96CP),Some of the time,I'm partially vaccinated,instagram,Female,Medium,Right,2,7,5,"Regards,","50,000",DATA2002,I'm doing it as an elective,3
25/08/2021 15:06:02,0,With parents,5'10,Monday,Yes,9,4,Difficult,Second year (completed at least 48CP but less than 96CP),None of the time,I do not want to get vaccinated,Discord,Male,Medium-rare,Right,7,7,0,Regards,70000,DATA2902 (Advanced),Statistics,2
25/08/2021 15:06:16,1,With parents,169,monday,No,7,6,Standard,Third year or higher (successfully completed more than 96CP),None of the time,I'm partially vaccinated,wechat,male,Medium,Right,5,7,0,from xxx,idk,DATA2002,Data Science,7
25/08/2021 15:06:22,0,Alternate between parents and partner,182,Monday,Yes,7,7,Easy,Third year or higher (successfully completed more than 96CP),Most of the time,I'm partially vaccinated,Wechat,Male,Medium-rare,Right,6,3,18,Kind Regards,80000,DATA2902 (Advanced),I'm doing it as an elective,4
25/08/2021 15:06:27,0,With parents,169cm,Monday,Yes,6,3,Standard,Second year (completed at least 48CP but less than 96CP),Some of the time,I'm partially vaccinated,Messenger,Female,I don't eat beef,Right,9,6,12,Many Thanks,60 000,DATA2002,Data Science,3
25/08/2021 15:06:50,0,With parents,182cm,,Yes,7,4,Standard,Second year (completed at least 48CP but less than 96CP),Some of the time,I'm fully vaccinated,Instagram,Male,Medium-rare,Right,6,7,0,Kind Regards,65000,DATA2002,Computational Data Science,7.5
25/08/2021 15:06:56,0,With parents,173,Monday,No,6,6,Difficult,First year (not yet successfully completed 48CP),None of the time,I'm fully vaccinated,WeChat,male,Medium,Right,10,6,8,Best wishes,2000per month,DATA2002,Computational Data Science,3
25/08/2021 15:07:15,0,Alone,183cm,"lol, not yet",No,7,3,Difficult,Third year or higher (successfully completed more than 96CP),Some of the time,I'm fully vaccinated,wechat,M,Medium-rare,Right,7,6,5,regards,not matching the ability,DATA2002,Computational Data Science,14
25/08/2021 15:07:30,2,With parents,183cm,monday,No,6,6,Standard,Second year (completed at least 48CP but less than 96CP),Most of the time,I'm fully vaccinated,Weixin,male,Medium,Right,6,5,2,All best,2000$,DATA2002,"Data Science, Financial Mathematics and Statistics",6
25/08/2021 15:07:35,0,With parents,165cm,Monday,No,7,5,Standard,Third year or higher (successfully completed more than 96CP),None of the time,I'm fully vaccinated,Instagram,Female,Medium,Right,6,9,4,Best Regards,5000,DATA2002,"Computational Data Science, Software Development",4
25/08/2021 15:07:39,1,With parents,150 cm,Monday,No,7,5,Difficult,Second year (completed at least 48CP but less than 96CP),Some of the time,I'm fully vaccinated,instagram,female,Medium-well done,Right,6,6,1,,,DATA2002,Data Science,2
25/08/2021 15:07:53,0,With parents,183,monday,Yes,5,5,Standard,Second year (completed at least 48CP but less than 96CP),None of the time,"Not yet, but I want to",WeChat,male,Medium-well done,Right,5,5,,Thanks in advance,,DATA2002,Computational Data Science,7
25/08/2021 15:07:53,0,,,monday,No,5,3,,,None of the time,,,Female,,Right,5,,,,,DATA2902 (Advanced),Mathematical Sciences Program (Mathematics major selective),
25/08/2021 15:08:09,5,With parents,176,Monday,No,7,4,Difficult,Second year (completed at least 48CP but less than 96CP),Some of the time,I'm fully vaccinated,wechat,male,Medium-well done,Right,9,7,3,THANKS,,DATA2002,Data Science,3
25/08/2021 15:08:14,0,With parents,169 cm,Friday,,7,6,Standard,Second year (completed at least 48CP but less than 96CP),Some of the time,I'm partially vaccinated,Reddit,Female,I don't eat beef,Right,9,8,1,Regards,80000,DATA2002,Data Science,3.5
25/08/2021 15:08:15,3,With parents,180cm,monday,No,6,6,Difficult,Second year (completed at least 48CP but less than 96CP),None of the time,I'm fully vaccinated,tiktok,male,Medium-well done,Right,5,4,10,,10k,DATA2002,Financial Mathematics and Statistics,8
25/08/2021 15:08:25,0,Alone,176cm,Monday,Yes,7,6,Standard,Third year or higher (successfully completed more than 96CP),None of the time,"Not yet, but I want to",Twitter,Male,Well done,Right,6,4,8,Regards,6000,DATA2002,I'm doing it as an elective,2
25/08/2021 15:09:12,0,Share house,170,,Yes,3,4,Standard,Second year (completed at least 48CP but less than 96CP),Some of the time,"Not yet, but I want to",wechat,male,Medium,Right,5,8,,thank,40,DATA2002,Data Science,4
25/08/2021 15:09:27,1,With parents,167,Monday,No,7,8,Difficult,Third year or higher (successfully completed more than 96CP),Some of the time,I'm fully vaccinated,WeChat ,female,Medium-well done,Right,9,9,7,Regards,2000,DATA2002,"Statistics, Visual arts",2
25/08/2021 15:09:44,8,With parents,160cm,Monday,No,2,3,Difficult,Second year (completed at least 48CP but less than 96CP),None of the time,"Not yet, but I want to",wechat,female,Well done,Right,7,5,3,depends on whom I write to,19200,DATA2002,"Data Science, Statistics",0.5
25/08/2021 15:10:04,4,With parents,178cm,Monday,No,8,5,Standard,Second year (completed at least 48CP but less than 96CP),None of the time,I'm fully vaccinated,tiktok,male,Medium-well done,Left,7,6,10,none,4000,DATA2002,Data Science,6
25/08/2021 15:10:11,0,With parents,162,Wednesday,No,5,3,Difficult,Second year (completed at least 48CP but less than 96CP),Some of the time,I'm fully vaccinated,Youtube,Female,Medium-well done,Right,7,6,2,Kind regards,"3,000/month",DATA2002,Statistics,1
25/08/2021 15:10:15,0,With parents,171,Monday,No,8,5,Standard,Third year or higher (successfully completed more than 96CP),Some of the time,"Not yet, but I want to",bilibili,male,Medium-rare,Right,7,4,,kind regard,,DATA2002,Statistics,
25/08/2021 15:10:16,1,With parents,165,Monday,No,4,3,Difficult,First year (not yet successfully completed 48CP),None of the time,I'm fully vaccinated,discord,,Well done,Right,10,5,170,Thank you for ...,"2,000AU - 4,000AU/ month",DATA2002,Computational Data Science,1
25/08/2021 15:10:24,,,,,,,,,,None of the time,,,,,,,,,,,,,
25/08/2021 15:13:27,0,Share house,159,Monday,Yes,4,3,Difficult,Second year (completed at least 48CP but less than 96CP),Some of the time,"Not yet, but I want to",none,female,Medium,Right,6,7,21,Kind regard,55000,DATA2002,Data Science,2
25/08/2021 15:17:07,0,With partner,180,Monday,Yes,2,2,Standard,Third year or higher (successfully completed more than 96CP),Some of the time,I do not want to get vaccinated,WeChat,Male,Medium,Right,7,7,17,Best wishes,"80,000",DATA2902 (Advanced),Statistics,5
25/08/2021 15:54:09,0,With parents,177,Friday,Yes,9,3,Standard,Second year (completed at least 48CP but less than 96CP),Some of the time,I do not want to get vaccinated,Facebook,Male,Medium-rare,Right,3,5,8,Kind Regards,60000,DATA2002,Data Science,6
25/08/2021 16:13:33,1,With parents,180,Monday,No,6,5,Standard,Second year (completed at least 48CP but less than 96CP),Some of the time,I'm fully vaccinated,Instagram,Male,Medium,Right,6,5,6,Nothing,30 per hour,DATA2002,Financial Mathematics and Statistics,1
25/08/2021 16:25:44,,With parents,,,No,6,5,Standard,Third year or higher (successfully completed more than 96CP),None of the time,I'm partially vaccinated,,,Medium-well done,Right,5,7,,,,DATA2002,Financial Mathematics and Statistics,
26/08/2021 12:20:39,1,With parents,179cm,friday,Yes,7,8,Standard,Second year (completed at least 48CP but less than 96CP),All the time,I'm partially vaccinated,Youtube,Male,Medium-rare,Right,3,1,5,"thanks,","60,000",DATA2902 (Advanced),I'm doing it as an elective,1
26/08/2021 13:47:00,1,With parents,169 cm,Monday,No,7,6,Standard,Second year (completed at least 48CP but less than 96CP),Some of the time,I'm fully vaccinated,Instagram,Male,Medium-rare,Right,3,1,5,"Sincerely, ...","130,000 aud",DATA2002,"Data Science, Statistics",14
26/08/2021 13:50:39,5,With parents,173cm,Monday,No,6,6,Difficult,First year (not yet successfully completed 48CP),Some of the time,I'm fully vaccinated,wechat,male,Medium-well done,Right,7,7,2,best wish,,DATA2002,"Data Science, Financial Mathematics and Statistics",8
26/08/2021 21:51:11,0,Share house,180,Friday,Yes,7,5,Standard,Second year (completed at least 48CP but less than 96CP),Some of the time,"Not yet, but I want to",Facebook,Male,I don't eat beef,Right,8,8,0,Thanks,80000,DATA2002,Data Science,15
26/08/2021 22:39:11,5,College or student accomodation,169 cm,Monday,Yes,7,5,Standard,Second year (completed at least 48CP but less than 96CP),Some of the time,I'm fully vaccinated,Snapchat,Female,Well done,Right,3,2,10,Thanks,,DATA2002,Data Science,7
27/08/2021 14:35:40,2,With parents,168,Monday,Yes,8,3,Standard,Second year (completed at least 48CP but less than 96CP),Some of the time,I'm partially vaccinated,Facebook,Male,Medium,Right,7,7,0,"Kind regards,",70000,DATA2902 (Advanced),"Mathematical Sciences Program (Mathematics major selective), Computer Science",5
27/08/2021 17:53:59,0,With parents,183cm,,No,7,8,Standard,Second year (completed at least 48CP but less than 96CP),None of the time,I'm partially vaccinated,Facebook,Male,Medium,Right,7,7,3,Best wishes,,DATA2002,"Data Science, Financial Mathematics and Statistics",6
27/08/2021 18:11:42,5,With partner,182,Wednesday ,No,8,7,Standard,Second year (completed at least 48CP but less than 96CP),Some of the time,"Not yet, but I want to",Wechat,Male,Medium-well done,Right,5,5,3,Dear sir,,DATA2002,Data Science,0
29/08/2021 09:56:51,4,With parents,174cm,Friday,Yes,7,3,Difficult,Second year (completed at least 48CP but less than 96CP),Most of the time,I'm partially vaccinated,Instagram,Female,Medium-rare,Right,9,8,7,"Cheers,",60000,DATA2002,Computational Data Science,4
29/08/2021 18:46:07,0,With parents,176cm,monday,Yes,9,5,Easy,Second year (completed at least 48CP but less than 96CP),Most of the time,I'm fully vaccinated,instagram,male,Medium-rare,Right,5,5,,kind regards? don't send to many formal emails,70000,DATA2002,Mathematical Sciences Program (Mathematics major selective),0
30/08/2021 00:57:08,0,With parents,1.7m,Monday,No,4,5,Difficult,First year (not yet successfully completed 48CP),All the time,I'm fully vaccinated,wechat,female,Medium-well done,Left,8,8,40,nothing,fair,DATA2002,Statistics,1
30/08/2021 11:21:05,0,With parents,163cm,Monday,No,6,3,Difficult,Second year (completed at least 48CP but less than 96CP),Some of the time,I'm fully vaccinated,WeChat,Female,Medium,Right,7,3,3,Regards,2500,DATA2002,Financial Mathematics and Statistics,0
30/08/2021 12:13:33,2,College or student accomodation,5foot 11inches,Monday,Yes,5,6,Difficult,First year (not yet successfully completed 48CP),Some of the time,I'm partially vaccinated,Facebook,Male,Medium-rare,Right,6,8,1,Kind Reagrds,$68000,DATA2002,"Financial Mathematics and Statistics, Business analytics",4
30/08/2021 13:50:35,2,With parents,178cm,Friday,Yes,7,3,Difficult,Second year (completed at least 48CP but less than 96CP),Some of the time,I'm partially vaccinated,Instagram,Male,Medium-rare,Right,4,6,10,Kind Regards,50000,DATA2002,Financial Mathematics and Statistics,7
30/08/2021 15:46:48,1,With parents,162 cm,Friday,Yes,7,5,Difficult,Second year (completed at least 48CP but less than 96CP),Some of the time,,Instagram,Female,I don't eat beef,Right,6,4,5,Thank you ,,DATA2002,Data Science,4